homo_genetic_multiplex,Sanremo2016_final_multiplex
0,1432.1116025447845
2,0.1496189004831343
