homo_genetic_multiplex,Sanremo2016_final_multiplex
879.9859418869019,1
0.29138496930212326,3
