CS-Aarhus_multiplex,fao_trade_multiplex,fb-tw
1.0225772857666016,1,2
0.11673261729790844,4,5
