CS-Aarhus_multiplex,fao_trade_multiplex,fb-tw
0,1,74.42854690551758
3,4,0.40281601582572585
